INSERT INTO Users Values ('Jonathan','Chiu','1990-01-02','jon@gmail.com',122001700,1234562432,'Address St','Male','jchiu09',2008,2012,'password');
INSERT INTO Users Values ('Brian','Goodacre','1990-06-15','brian@goodacre.com',120002521,9738565234,'25 Belle Terre Road, West Orange, NJ 07052','Male','bgoodacr',2008,2012,'password');
INSERT INTO Users (FirstName,LastName,RUID,Password) Values ('John','Smith',123456789,'password');
INSERT INTO Users (FirstName,LastName,RUID,Password) Values ('Bruce','Wayne',111111111,'password');
INSERT INTO Users (FirstName,LastName,RUID,Password) Values ('Rich','McCormick',222222222,'password');
INSERT INTO Users (FirstName,LastName,RUID,Password) Values ('Arnold','Schwarzenegger',333333333,'password');
INSERT INTO Users (FirstName,LastName,RUID,Password) Values ('Rick','James',444444444,'password');
INSERT INTO Users (FirstName,LastName,RUID,Password) Values ('Captain','America',555555555,'password');
INSERT INTO Users (FirstName,LastName,RUID,Password) Values ('Green','Lantern',666666666,'password');
INSERT INTO Users (FirstName,LastName,RUID,Password) Values ('Google','Yahoo',777777777,'password');
INSERT INTO Users (FirstName,LastName,RUID,Password) Values ('Barack','Obama',888888888,'password');
INSERT INTO Users (FirstName,LastName,RUID,Password) Values ('Geroge','Bush',999999999,'password');

INSERT INTO Interests VALUES (120002521,'Biking');
INSERT INTO Interests VALUES (120002521,'Databases');
INSERT INTO Interests VALUES (120002521,'Rock Climbing');
INSERT INTO Interests VALUES (120002521,'Database');
INSERT INTO Interests VALUES (122001700,'Databases');
INSERT INTO Interests VALUES (111111111,'Biking');
INSERT INTO Interests VALUES (222222222,'Water');
INSERT INTO Interests VALUES (333333333,'Databases');
INSERT INTO Interests VALUES (444444444,'Databases');
INSERT INTO Interests VALUES (555555555,'Water');
INSERT INTO Interests VALUES (111111111,'Databases');
INSERT INTO Interests VALUES (222222222,'Chess');
INSERT INTO Interests VALUES (333333333,'Biking');
INSERT INTO Interests VALUES (555555555,'Rock Climbing');
INSERT INTO Interests VALUES (666666666,'Chess');
INSERT INTO Interests VALUES (666666666,'Checkers');

INSERT INTO Employment_Experience (JobTitle,Employer,Employer_Address,Salary,RUID) Values ('Requirements Engineering Intern','AT&T','Middletown',22,120002521);
INSERT INTO Employment_Experience (JobTitle,Employer,Employer_Address,Salary,RUID) Values ('High Adventure Staff','Ockanickon','Pipersville',12,120002521);
INSERT INTO Employment_Experience (JobTitle,Employer,Employer_Address,Salary,RUID) Values ('Intern','J&J','New Jersey Area',19,111111111);
INSERT INTO Employment_Experience (JobTitle,Employer,Employer_Address,Salary,RUID) Values ('Intern','J&J','New Jersey Area',19,222222222);
INSERT INTO Employment_Experience (JobTitle,Employer,Employer_Address,Salary,RUID) Values ('Intern','J&J','New Jersey Area',19,333333333);
INSERT INTO Employment_Experience (JobTitle,Employer,Employer_Address,Salary,RUID) Values ('Developer','AT&T','North Jersey',21,444444444);
INSERT INTO Employment_Experience (JobTitle,Employer,Employer_Address,Salary,RUID) Values ('Software Intern','Microsoft','Washington State',23,122001700);
INSERT INTO Employment_Experience (JobTitle,Employer,Employer_Address,Salary,RUID) Values ('Student Worker','Rutgers','New Brunswick',8,120002521);
INSERT INTO Employment_Experience (JobTitle,Employer,Employer_Address,Salary,RUID) Values ('Student Worker','Rutgers','New Brunswick',8,122001700);
INSERT INTO Employment_Experience (JobTitle,Employer,Employer_Address,Salary,RUID) Values ('Student Worker','Rutgers','New Brunswick',8,444444444);
INSERT INTO Employment_Experience (JobTitle,Employer,Employer_Address,Salary,RUID) Values ('Student Worker','Rutgers','New Brunswick',8,555555555);
INSERT INTO Employment_Experience (JobTitle,Employer,Employer_Address,Salary,RUID) Values ('Burger Flipper','McDonalds','Texas',9,666666666);
INSERT INTO Employment_Experience (JobTitle,Employer,Employer_Address,Salary,RUID) Values ('Burger Flipper','Burger King','Texas',9,777777777);
INSERT INTO Employment_Experience (JobTitle,Employer,Employer_Address,Salary,RUID) Values ('Cowboy','Neverland Ranch','Texas',13,888888888);

INSERT INTO Relationships  VALUES (122001700,333333333,'11-12-2010','Dating');
INSERT INTO Relationships  VALUES (333333333,122001700,'11-12-2010','Dating');
INSERT INTO Relationships  VALUES (120002521,999999999,'10-09-2011','Presidential');
INSERT INTO Relationships  VALUES (999999999,120002521,'10-09-2011','Presidential');

INSERT INTO Courses  VALUES (101,'Databases 101','Fall 2011');
INSERT INTO Courses  VALUES (201,'Databases 101','Spring 2012');
INSERT INTO Courses  VALUES (301,'Databases 101','Fall 2012');
INSERT INTO Courses  VALUES (102,'Databases 201','Fall 2011');
INSERT INTO Courses  VALUES (202,'Databases 201','Spring 2012');
INSERT INTO Courses  VALUES (302,'Databases 201','Fall 2012');
INSERT INTO Courses  VALUES (103,'Databases 301','Fall 2011');
INSERT INTO Courses  VALUES (203,'Databases 301','Spring 2012');
INSERT INTO Courses  VALUES (303,'Databases 301','Fall 2012');
INSERT INTO Courses  VALUES (104,'Physics 1a','Fall 2011');
INSERT INTO Courses  VALUES (304,'Physics 1a','Fall 2012');
INSERT INTO Courses  VALUES (205,'Physics 1b','Spring 2012');
INSERT INTO Courses  VALUES (106,'Calculus A','Fall 2011');
INSERT INTO Courses  VALUES (207,'Calculus B','Spring 2012');
INSERT INTO Courses  VALUES (308,'Calculus C','Fall 2012');
INSERT INTO Courses  VALUES (209,'Dance','Spring 2012');
INSERT INTO Courses  VALUES (110,'Massage','Fall 2011');

INSERT INTO Enrolled VALUES (120002521,101);
INSERT INTO Enrolled VALUES (120002521,104);
INSERT INTO Enrolled VALUES (120002521,106);
INSERT INTO Enrolled VALUES (120002521,110);
INSERT INTO Enrolled VALUES (122001700,104);
INSERT INTO Enrolled VALUES (122001700,106);
INSERT INTO Enrolled VALUES (122001700,110);
INSERT INTO Enrolled VALUES (111111111,101);
INSERT INTO Enrolled VALUES (111111111,106);
INSERT INTO Enrolled VALUES (222222222,104);
INSERT INTO Enrolled VALUES (222222222,110);
INSERT INTO Enrolled VALUES (333333333,101);
INSERT INTO Enrolled VALUES (333333333,110);
INSERT INTO Enrolled VALUES (444444444,101);
INSERT INTO Enrolled VALUES (555555555,101);
INSERT INTO Enrolled VALUES (666666666,101);
INSERT INTO Enrolled VALUES (666666666,106);
INSERT INTO Enrolled VALUES (666666666,104);
INSERT INTO Enrolled VALUES (777777777,106);
INSERT INTO Enrolled VALUES (777777777,104);
INSERT INTO Enrolled VALUES (888888888,106);
INSERT INTO Enrolled VALUES (999999999,110);

INSERT INTO Books Values (1234, 'Databases for Dummies');
INSERT INTO Books Values (2345, 'Databases for Smart People');
INSERT INTO Books Values (3456, 'Sherlock Holmes');
INSERT INTO Books Values (4567, 'Big Book on Physics');
INSERT INTO Books Values (5678, 'One Huge Book on Calculus');
INSERT INTO Books Values (6789, 'Getting Straight As');

INSERT INTO Selling Values (122001700, 1234, 45, 'Great', 'Used the book a lot in class. Water damage.');
INSERT INTO Selling Values (120002521, 1234, 40, 'Good', 'Binding is bad.');
INSERT INTO Selling Values (120002521, 2345, 16, 'Like New', 'Great book. Great condition.');
INSERT INTO Selling Values (111111111, 3456, 20, 'New', 'Never opened.');
INSERT INTO Selling Values (111111111, 1234, 35, 'Used', 'All the pages are still here, somewhere.');
INSERT INTO Selling Values (222222222, 6789, 100, 'New', 'My book. Never used');
INSERT INTO Selling Values (222222222, 1234, 50, 'New', 'My brothers book. Never used');
INSERT INTO Selling Values (222222222, 3456, 25, 'New', 'International Edition');
INSERT INTO Selling Values (333333333, 6789, 75, 'Good', 'Somewhat used but in good condition.');
INSERT INTO Selling Values (333333333, 1234, 50, 'New', 'Never opened. Still in seal.');
INSERT INTO Selling Values (222222222, 5678, 43, 'Used', 'Water damage');
INSERT INTO Selling Values (444444444, 5678, 49, 'Lightly Used', 'Used but no water damage like this other guy.');

INSERT INTO CourseTextBooks VALUES (101,1234);
INSERT INTO CourseTextBooks VALUES (201,1234);
INSERT INTO CourseTextBooks VALUES (301,1234);
INSERT INTO CourseTextBooks VALUES (102,1234);
INSERT INTO CourseTextBooks VALUES (202,1234);
INSERT INTO CourseTextBooks VALUES (302,1234);
INSERT INTO CourseTextBooks VALUES (103,2345);
INSERT INTO CourseTextBooks VALUES (203,2345);
INSERT INTO CourseTextBooks VALUES (303,2345);
INSERT INTO CourseTextBooks VALUES (104,4567);
INSERT INTO CourseTextBooks VALUES (304,4567);
INSERT INTO CourseTextBooks VALUES (205,4567);
INSERT INTO CourseTextBooks VALUES (106,5678);
INSERT INTO CourseTextBooks VALUES (207,5678);
INSERT INTO CourseTextBooks VALUES (308,5678);

INSERT INTO Clubs VALUES ('Chess Club','Chess, duh','Every Tuesday',120002521);
INSERT INTO Clubs VALUES ('Frisbee Club','We throw','Every Wednesday night',120002521);
INSERT INTO Clubs VALUES ('Database Club','We can SQL or NoSQL','3am on Saturdays',122001700);
INSERT INTO Clubs VALUES ('Fight Club','1st RULE: You do not talk about FIGHT CLUB. 2nd RULE: You DO NOT talk about FIGHT CLUB. 3rd RULE: If someone says "stop" or goes limp, taps out the fight is over. 4th RULE: Only two guys to a fight. 5th RULE: One fight at a time. 6th RULE: No shirts, no shoes. 7th RULE: Fights will go on as long as they have to. 8th RULE: If this is your first night at FIGHT CLUB, you HAVE to fight.','Night time',111111111);
INSERT INTO Clubs VALUES ('Sleep Club','Nap time during the day','1pm everyday',222222222);
INSERT INTO Clubs VALUES ('Pizza Club','Free Pizza thanks to RUSA','Thursdays at 8pm',444444444);

INSERT INTO ClubMembers VALUES ('Chess Club',120002521);
INSERT INTO ClubMembers VALUES ('Chess Club',555555555);
INSERT INTO ClubMembers VALUES ('Chess Club',666666666);
INSERT INTO ClubMembers VALUES ('Chess Club',777777777);
INSERT INTO ClubMembers VALUES ('Frisbee Club',120002521);
INSERT INTO ClubMembers VALUES ('Frisbee Club',555555555);
INSERT INTO ClubMembers VALUES ('Frisbee Club',777777777);
INSERT INTO ClubMembers VALUES ('Frisbee Club',999999999);
INSERT INTO ClubMembers VALUES ('Database Club',666666666);
INSERT INTO ClubMembers VALUES ('Database Club',777777777);
INSERT INTO ClubMembers VALUES ('Database Club',888888888);
INSERT INTO ClubMembers VALUES ('Fight Club',111111111);
INSERT INTO ClubMembers VALUES ('Fight Club',222222222);
INSERT INTO ClubMembers VALUES ('Fight Club',120002521);
INSERT INTO ClubMembers VALUES ('Fight Club',122001700);
INSERT INTO ClubMembers VALUES ('Fight Club',444444444);
INSERT INTO ClubMembers VALUES ('Fight Club',555555555);
INSERT INTO ClubMembers VALUES ('Fight Club',666666666);
INSERT INTO ClubMembers VALUES ('Sleep Club',111111111);
INSERT INTO ClubMembers VALUES ('Sleep Club',666666666);
INSERT INTO ClubMembers VALUES ('Sleep Club',777777777);
INSERT INTO ClubMembers VALUES ('Pizza Club',444444444);

INSERT INTO Housing VALUES ('Silvers',147,120002521);
INSERT INTO Housing VALUES ('Johnson',223,122001700);
INSERT INTO Housing VALUES ('Silvers',147,111111111);
INSERT INTO Housing VALUES ('Buell',213,222222222);
INSERT INTO Housing VALUES ('Silvers',343,333333333);
INSERT INTO Housing VALUES ('Buell',213,444444444);
INSERT INTO Housing VALUES ('Silvers',321,555555555);
INSERT INTO Housing VALUES ('Silvers',254,666666666);
INSERT INTO Housing VALUES ('Buell',111,777777777);
INSERT INTO Housing VALUES ('McCormick',233,888888888);
INSERT INTO Housing VALUES ('McCormick',234,999999999);

INSERT INTO Parties VALUES ('Database Party',120002521,'2012-06-15 08:00:00','Insertions and Alters are welcomed.', 'CORE', 123);
INSERT INTO Parties VALUES ('Someones 21st',120002521,'2012-07-21 11:30:00','You know the drill', 'Stuff Yer Face', 1);
INSERT INTO Parties VALUES ('NoSQL Party',122001700,'2011-12-9 09:11:12','Please no MYSQL, only Mongo', 'SERC 2nd Floor', 224);
INSERT INTO Parties VALUES ('Music All Night Long',111111111,'2011-10-8 09:10:11','More cowbell', 'SERC 2nd Floor', 224);
INSERT INTO Parties VALUES ('Predator Showing',333333333,'2012-03-12 04:00:00','Go, Night, Get to the Chopper!', 'Silvers', 222);

INSERT INTO PartiesMembers VALUES ('Database Party',120002521);
INSERT INTO PartiesMembers VALUES ('Database Party',122001700);
INSERT INTO PartiesMembers VALUES ('Database Party',222222222);
INSERT INTO PartiesMembers VALUES ('NoSqL Party',111111111);
INSERT INTO PartiesMembers VALUES ('NoSqL Party',333333333);
INSERT INTO PartiesMembers VALUES ('NoSqL Party',888888888);
INSERT INTO PartiesMembers VALUES ('NoSqL Party',122001700);
INSERT INTO PartiesMembers VALUES ('Predator Showing',120002521);
INSERT INTO PartiesMembers VALUES ('Predator Showing',111111111);
INSERT INTO PartiesMembers VALUES ('Predator Showing',222222222);
INSERT INTO PartiesMembers VALUES ('Predator Showing',333333333);
INSERT INTO PartiesMembers VALUES ('Predator Showing',444444444);
INSERT INTO PartiesMembers VALUES ('Predator Showing',555555555);
INSERT INTO PartiesMembers VALUES ('Music All Night Long', 111111111);
INSERT INTO PartiesMembers VALUES ('Music All Night Long', 999999999);
INSERT INTO PartiesMembers VALUES ('Someones 21st', 120002521);

INSERT INTO StudyGroups VALUES ('Math People','Before Exams',120002521,20,'SERC',106);
INSERT INTO StudyGroups VALUES ('Database Fun','Tuesdays',120002521,20,'ARC',101);
INSERT INTO StudyGroups VALUES ('Massage for Everyone','Wednesday',333333333,25,'SERC',110);
INSERT INTO StudyGroups VALUES ('Physics Study Group','Sunday Nights',122001700,6,'ARC',104);

INSERT INTO StudyGroupMembers VALUES ('Math People',120002521);
INSERT INTO StudyGroupMembers VALUES ('Math People',111111111);
INSERT INTO StudyGroupMembers VALUES ('Math People',555555555);
INSERT INTO StudyGroupMembers VALUES ('Math People',888888888);
INSERT INTO StudyGroupMembers VALUES ('Database Fun',120002521);
INSERT INTO StudyGroupMembers VALUES ('Database Fun',222222222);
INSERT INTO StudyGroupMembers VALUES ('Database Fun',777777777);
INSERT INTO StudyGroupMembers VALUES ('Massage for Everyone',333333333);
INSERT INTO StudyGroupMembers VALUES ('Massage for Everyone',444444444);
INSERT INTO StudyGroupMembers VALUES ('Massage for Everyone',999999999);
INSERT INTO StudyGroupMembers VALUES ('Physics Study Group',122001700);
INSERT INTO StudyGroupMembers VALUES ('Physics Study Group',111111111);
INSERT INTO StudyGroupMembers VALUES ('Physics Study Group',666666666);

INSERT INTO Friends VALUES (120002521,111111111,'Accepted');
INSERT INTO Friends VALUES (111111111,120002521,'Accepted');
INSERT INTO Friends VALUES (122001700,111111111,'Accepted');
INSERT INTO Friends VALUES (111111111,122001700,'Accepted');
INSERT INTO Friends VALUES (222222222,111111111,'Accepted');
INSERT INTO Friends VALUES (111111111,222222222,'Accepted');
INSERT INTO Friends VALUES (222222222,333333333,'Accepted');
INSERT INTO Friends VALUES (333333333,222222222,'Accepted');
INSERT INTO Friends VALUES (120002521,999999999,'Accepted');
INSERT INTO Friends VALUES (999999999,120002521,'Accepted');
INSERT INTO Friends VALUES (122001700,333333333,'Accepted');
INSERT INTO Friends VALUES (333333333,122001700,'Accepted');
INSERT INTO Friends VALUES (444444444,120002521,'Request');
INSERT INTO Friends VALUES (555555555,120002521,'Request');
INSERT INTO Friends VALUES (444444444,122001700,'Request');
INSERT INTO Friends VALUES (666666666,122001700,'Request');

INSERT INTO Status (RUID,Text,TimePosted) VALUES (120002521,'Hello World',NOW());
INSERT INTO Status (RUID,Text,TimePosted) VALUES (122001700,'My name is Jon',NOW());
INSERT INTO Status (RUID,Text,TimePosted) VALUES (111111111,'Status Update for Me',NOW());
INSERT INTO Status (RUID,Text,TimePosted) VALUES (222222222,'I am on Scarlet Search',NOW());
INSERT INTO Status (RUID,Text,TimePosted) VALUES (333333333,'Welcome to my world',NOW());
INSERT INTO Status (RUID,Text,TimePosted) VALUES (444444444,'I want textbooks',NOW());
INSERT INTO Status (RUID,Text,TimePosted) VALUES (555555555,'I am single',NOW());
INSERT INTO Status (RUID,Text,TimePosted) VALUES (666666666,'Whats is up people?',NOW());

--Comments, Saved Queries, Security, Messages